{"cameraMode":{"drawMode":0,"name":"Shaded","section":"Shading Mode"},"sceneLighting":false,"audioPlay":false,"sceneViewState":{"showFog":true,"showMaterialUpdate":false,"showSkybox":false,"showFlares":true,"showImageEffects":true,"showParticleSystems":true},"in2DMode":false,"pivot":{"x":2.713674306869507,"y":-0.2345724105834961,"z":0.013930320739746094},"rotation":{"x":-0.32407835125923159,"y":0.33486559987068179,"z":-0.12388944625854492,"w":-0.8760899901390076},"size":2.154337167739868,"orthographic":true}